id,first_name,last_name,email,gender,ip_address
1,Kurt,Cawthron,kcawthron0@dyndns.org,Male,60.97.98.204
2,Wolfgang,Smorthit,wsmorthit1@nature.com,Male,192.2.245.96
3,Egan,Meechan,emeechan2@reddit.com,Male,24.201.196.195
4,Leroy,Crewe,lcrewe3@jugem.jp,Male,136.214.140.122
5,Dollie,Pritty,dpritty4@vinaora.com,Female,251.135.174.238
6,Vikky,Sexti,vsexti5@digg.com,Female,135.56.40.148
7,Reed,Verdey,rverdey6@printfriendly.com,Male,110.26.204.61
8,Mindy,Street,mstreet7@jiathis.com,Agender,84.89.24.138
9,Giuseppe,Glaum,gglaum8@multiply.com,Male,175.190.82.63
10,Salomi,Escalera,sescalera9@census.gov,Non-binary,132.188.228.161
11,Herminia,McCallister,hmccallistera@shareasale.com,Female,194.164.167.65
12,Josiah,Paraman,jparamanb@histats.com,Male,150.69.177.213
13,Eudora,Enderlein,eenderleinc@oakley.com,Female,152.83.68.165
14,Shalom,Le Blanc,sleblancd@ameblo.jp,Male,235.19.87.143
15,Corliss,Clutten,ccluttene@newyorker.com,Female,227.252.198.100
16,Rossy,Dederich,rdederichf@devhub.com,Male,182.204.186.244
17,Ailina,Nielson,anielsong@baidu.com,Female,211.91.108.102
18,Nikos,Garlick,ngarlickh@hao123.com,Bigender,160.217.246.221
19,Worden,Daugherty,wdaughertyi@house.gov,Male,193.177.186.185
20,Kevin,MacGaffey,kmacgaffeyj@live.com,Polygender,176.243.39.162
21,Augy,Outram,aoutramk@toplist.cz,Male,214.221.188.138
22,Calypso,Goldstraw,cgoldstrawl@joomla.org,Female,70.70.210.215
23,Erv,Wedlock,ewedlockm@posterous.com,Male,129.37.140.225
24,Essa,Donnett,edonnettn@woothemes.com,Female,72.152.163.207
25,Llewellyn,Filippyev,lfilippyevo@cisco.com,Male,132.134.129.63
26,Lisetta,Adlard,ladlardp@fotki.com,Female,102.162.122.7
27,Millard,Fell,mfellq@amazon.co.uk,Male,16.232.142.204
28,Holli,Giaomozzo,hgiaomozzor@cocolog-nifty.com,Genderfluid,175.74.170.60
29,Fanechka,Dunsford,fdunsfords@engadget.com,Female,125.68.156.177
30,Kirstyn,Zamboniari,kzamboniarit@washington.edu,Female,177.176.1.248
31,Ki,Wallach,kwallachu@bbb.org,Female,235.187.218.176
32,Crin,Harriott,charriottv@hexun.com,Female,45.185.31.127
33,Clarabelle,Skelhorn,cskelhornw@ucoz.com,Female,248.231.192.8
34,Lindon,Stannislawski,lstannislawskix@mit.edu,Male,123.87.173.162
35,Patti,Peskett,ppesketty@alexa.com,Agender,84.217.177.149
36,Cherilyn,Waything,cwaythingz@state.tx.us,Female,216.5.73.81
37,Chev,Verni,cverni10@indiegogo.com,Male,248.195.28.227
38,Wynn,Bovingdon,wbovingdon11@cisco.com,Male,158.185.129.25
39,Holli,Hirche,hhirche12@geocities.com,Female,64.230.234.126
40,Andras,Vickar,avickar13@weibo.com,Male,114.89.205.106
41,Natalie,Barrett,nbarrett14@statcounter.com,Female,117.202.139.74
42,Zoe,Girone,zgirone15@nytimes.com,Female,164.128.53.118
43,Abbey,Carbine,acarbine16@hc360.com,Female,19.149.150.108
44,Ernest,Disley,edisley17@rediff.com,Male,164.127.184.84
45,Easter,Carde,ecarde18@weebly.com,Female,48.131.223.68
46,Marj,Jephson,mjephson19@gravatar.com,Female,216.94.190.34
47,Zak,Venning,zvenning1a@woothemes.com,Genderfluid,8.200.39.181
48,Mab,Canaan,mcanaan1b@fda.gov,Female,207.165.52.12
49,Jonah,Schwaiger,jschwaiger1c@unc.edu,Male,44.96.180.91
50,Wes,Baldinotti,wbaldinotti1d@lycos.com,Male,106.26.142.198
51,Ricki,Downing,rdowning1e@hibu.com,Female,109.183.253.32
52,Dorry,Zimek,dzimek1f@instagram.com,Non-binary,171.109.76.222
53,Cynde,Ratnage,cratnage1g@dion.ne.jp,Genderqueer,84.62.25.104
54,Murvyn,Pauli,mpauli1h@comcast.net,Male,26.108.14.58
55,Justis,Girvin,jgirvin1i@qq.com,Male,20.230.162.156
56,Lou,Toothill,ltoothill1j@cnet.com,Male,187.189.212.128
57,Heidie,Prangnell,hprangnell1k@nationalgeographic.com,Female,84.29.152.118
58,Randee,Kirwin,rkirwin1l@mozilla.org,Female,158.150.216.67
59,Jillie,Hindrick,jhindrick1m@angelfire.com,Female,63.40.186.210
60,Colly,Breslau,cbreslau1n@homestead.com,Female,95.206.50.205
61,Saloma,Dabnot,sdabnot1o@cnet.com,Female,52.155.125.203
62,Hillary,Cassel,hcassel1p@netlog.com,Female,246.125.205.35
63,Claybourne,Yitzhakof,cyitzhakof1q@photobucket.com,Polygender,26.68.63.207
64,Morry,Ghiriardelli,mghiriardelli1r@umn.edu,Male,108.52.126.130
65,Manfred,Pavolillo,mpavolillo1s@ihg.com,Male,199.192.113.245
66,Carlynne,Rollett,crollett1t@usnews.com,Female,144.47.147.224
67,Selby,Vannar,svannar1u@ftc.gov,Male,62.203.8.249
68,Marnia,Trewhella,mtrewhella1v@skyrock.com,Female,146.147.195.144
69,Ginelle,Burless,gburless1w@smugmug.com,Female,79.201.76.112
70,Britta,Coleman,bcoleman1x@cdc.gov,Female,68.231.162.80
71,Tammy,Cullagh,tcullagh1y@360.cn,Male,99.99.98.213
72,Ruthanne,Lillegard,rlillegard1z@histats.com,Female,57.157.194.222
73,Ernie,Feveryear,efeveryear20@newsvine.com,Male,216.78.133.22
74,Aindrea,Rudgley,arudgley21@hugedomains.com,Female,125.189.54.100
75,Cortney,Wye,cwye22@ed.gov,Female,254.204.47.230
76,Hilde,Kasbye,hkasbye23@artisteer.com,Female,27.52.252.21
77,Bartholomew,Tilbrook,btilbrook24@harvard.edu,Male,164.167.206.125
78,Inglebert,O'Luney,ioluney25@usnews.com,Male,207.17.254.59
79,Claretta,Petto,cpetto26@google.cn,Genderfluid,101.54.20.100
80,Estrella,Davers,edavers27@mashable.com,Female,130.64.55.206
81,Aggy,Antic,aantic28@tripadvisor.com,Female,15.126.214.115
82,Trenton,Breed,tbreed29@usgs.gov,Male,5.197.0.158
83,Silvan,Carl,scarl2a@de.vu,Male,56.48.21.70
84,Nicolas,Kensley,nkensley2b@reddit.com,Male,67.213.184.51
85,Filberte,Savage,fsavage2c@typepad.com,Male,162.225.7.167
86,Justis,Gerritzen,jgerritzen2d@yelp.com,Male,13.233.106.33
87,Ashbey,Kynd,akynd2e@nhs.uk,Male,236.199.44.91
88,Guntar,Sloley,gsloley2f@qq.com,Male,110.57.213.36
89,Lance,MacLucais,lmaclucais2g@wikispaces.com,Male,213.226.83.190
90,Arnoldo,Langthorne,alangthorne2h@joomla.org,Male,5.211.172.28
91,Matthus,McVeighty,mmcveighty2i@oakley.com,Male,0.64.249.29
92,Tuck,Skoate,tskoate2j@phoca.cz,Male,35.204.5.70
93,Ivor,Comusso,icomusso2k@dagondesign.com,Male,221.50.28.103
94,Clarette,Schwier,cschwier2l@thetimes.co.uk,Female,70.148.105.18
95,Brooks,Faulks,bfaulks2m@vk.com,Male,14.125.6.82
96,Wandie,Battelle,wbattelle2n@adobe.com,Female,158.244.63.45
97,Boonie,Putland,bputland2o@psu.edu,Male,85.236.240.202
98,Gerhard,Spellar,gspellar2p@nydailynews.com,Non-binary,101.56.206.151
99,Mara,Porter,mporter2q@yandex.ru,Female,7.244.26.18
100,Vasili,Hamal,vhamal2r@dailymotion.com,Male,58.120.171.221
101,Phelia,Pietsma,ppietsma2s@opera.com,Agender,188.211.45.32
102,Rosene,Stollenhof,rstollenhof2t@va.gov,Female,143.237.166.89
103,Quintina,Bareford,qbareford2u@gnu.org,Female,139.167.70.238
104,Hans,Lampl,hlampl2v@discuz.net,Male,78.216.59.191
105,Fonz,Addess,faddess2w@umn.edu,Male,205.221.13.35
106,Adelaida,Grimsdale,agrimsdale2x@nature.com,Female,86.138.235.111
107,Grethel,Birdis,gbirdis2y@arizona.edu,Female,11.1.255.68
108,Rana,Konke,rkonke2z@cmu.edu,Female,215.116.198.61
109,Gary,Masserel,gmasserel30@seattletimes.com,Male,254.152.255.41
110,Tarah,Pendry,tpendry31@biblegateway.com,Female,211.97.198.164
111,Quent,Northey,qnorthey32@utexas.edu,Male,245.95.37.77
112,Lewiss,Bedburrow,lbedburrow33@topsy.com,Male,188.122.167.194
113,Trudi,Gann,tgann34@unblog.fr,Female,197.237.73.172
114,Myron,Ruselin,mruselin35@mozilla.com,Male,164.71.121.111
115,Nadean,Ousley,nousley36@icio.us,Female,172.138.101.126
116,Corene,Habens,chabens37@indiatimes.com,Female,18.233.81.12
117,Corey,Foltin,cfoltin38@house.gov,Male,208.172.161.181
118,Astrid,Linford,alinford39@ocn.ne.jp,Female,73.140.167.188
119,Egon,Lockie,elockie3a@gmpg.org,Male,207.14.206.31
120,Fara,Van Castele,fvancastele3b@princeton.edu,Female,164.90.84.98
121,Zacharia,Sheddan,zsheddan3c@walmart.com,Male,192.161.210.34
122,Ambrosius,Miche,amiche3d@wikipedia.org,Male,9.1.227.4
123,Kayla,Pauley,kpauley3e@list-manage.com,Female,151.30.37.65
124,Boycey,Sine,bsine3f@webnode.com,Genderqueer,104.241.223.178
125,Lay,Chestle,lchestle3g@goodreads.com,Male,208.223.104.163
126,Corliss,Tollett,ctollett3h@surveymonkey.com,Polygender,108.50.191.20
127,Garreth,Porcher,gporcher3i@xinhuanet.com,Male,70.142.50.208
128,Eileen,Privost,eprivost3j@barnesandnoble.com,Female,65.196.139.88
129,Kile,Jutson,kjutson3k@vkontakte.ru,Male,54.30.114.244
130,Dene,Oxtiby,doxtiby3l@linkedin.com,Male,133.75.34.150
131,Barnabas,Commusso,bcommusso3m@jugem.jp,Male,0.92.72.58
132,Robinetta,Tenney,rtenney3n@tuttocitta.it,Female,139.97.201.98
133,Dita,Letterick,dletterick3o@baidu.com,Female,232.173.22.164
134,Roselle,Arnolds,rarnolds3p@dagondesign.com,Female,35.90.71.195
135,Romola,Jurn,rjurn3q@angelfire.com,Polygender,179.195.250.69
136,Shaina,Stamp,sstamp3r@ucsd.edu,Female,40.85.124.91
137,Ailina,Baigrie,abaigrie3s@eventbrite.com,Female,31.34.119.105
138,Rebeca,Bamlett,rbamlett3t@phoca.cz,Female,45.74.4.102
139,Kenn,Stout,kstout3u@wikispaces.com,Male,45.144.63.102
140,Merell,Lipprose,mlipprose3v@washingtonpost.com,Male,153.238.195.41
141,Marchall,Upham,mupham3w@google.co.uk,Male,230.145.43.72
142,Jennette,Cullotey,jcullotey3x@nba.com,Female,99.230.146.32
143,Shandy,Suttie,ssuttie3y@indiatimes.com,Female,29.29.51.252
144,Alvinia,Brody,abrody3z@wordpress.com,Female,144.16.172.187
145,Siffre,D'Ambrogio,sdambrogio40@creativecommons.org,Male,33.129.255.243
146,Nathanial,Como,ncomo41@zimbio.com,Male,172.221.101.168
147,Janos,Fulcher,jfulcher42@google.co.uk,Male,94.116.248.185
148,Theodosia,Vigne,tvigne43@pcworld.com,Female,95.138.71.166
149,Josselyn,Lilywhite,jlilywhite44@jiathis.com,Female,179.43.161.207
150,Farly,Bourne,fbourne45@addthis.com,Non-binary,234.210.204.79
151,Nappy,Brammar,nbrammar46@com.com,Male,210.185.177.194
152,Sophia,Kleanthous,skleanthous47@opera.com,Female,0.57.58.126
153,Belicia,Oswell,boswell48@baidu.com,Female,229.57.212.111
154,Dodie,Dunguy,ddunguy49@google.ca,Female,109.121.179.35
155,Morry,MacRonald,mmacronald4a@kickstarter.com,Male,112.15.97.81
156,Carmon,Perello,cperello4b@army.mil,Female,99.92.177.116
157,Woodrow,Simeons,wsimeons4c@rakuten.co.jp,Male,118.205.142.72
158,Pamella,Moorhouse,pmoorhouse4d@nature.com,Female,106.215.18.218
159,Bambie,Oldale,boldale4e@infoseek.co.jp,Female,73.138.19.154
160,Humbert,Schlag,hschlag4f@statcounter.com,Male,61.183.66.182
161,Isac,Hilliam,ihilliam4g@youtu.be,Male,23.163.237.129
162,Sidoney,Caps,scaps4h@seattletimes.com,Genderfluid,50.174.112.230
163,Kristofer,Kupke,kkupke4i@springer.com,Male,242.206.143.51
164,Dicky,Whibley,dwhibley4j@tripadvisor.com,Male,50.64.96.159
165,Reg,Jouanet,rjouanet4k@patch.com,Male,103.217.71.62
166,Haley,Dun,hdun4l@buzzfeed.com,Genderfluid,221.12.87.119
167,Aylmar,Brandone,abrandone4m@photobucket.com,Male,101.27.26.40
168,Ardath,Cammis,acammis4n@i2i.jp,Female,54.98.252.185
169,Ive,Linnane,ilinnane4o@fema.gov,Male,87.16.114.96
170,Kort,Kenafaque,kkenafaque4p@hostgator.com,Male,124.103.128.210
171,Waylin,Carbry,wcarbry4q@ameblo.jp,Polygender,206.137.211.70
172,De,Acott,dacott4r@purevolume.com,Female,179.43.69.124
173,Madlin,Berrisford,mberrisford4s@altervista.org,Female,118.95.203.68
174,Mame,Marklow,mmarklow4t@amazonaws.com,Female,106.201.148.251
175,Hugues,Chasmoor,hchasmoor4u@wired.com,Male,253.251.217.164
176,Doloritas,Spendley,dspendley4v@unc.edu,Non-binary,27.28.3.194
177,Chanda,Woolland,cwoolland4w@so-net.ne.jp,Female,31.192.112.202
178,Peirce,McGaw,pmcgaw4x@uiuc.edu,Male,167.56.208.231
179,Jacinthe,Chappell,jchappell4y@tripod.com,Female,156.227.109.28
180,Blondy,Bradder,bbradder4z@psu.edu,Non-binary,101.9.135.119
181,Lolita,Collisson,lcollisson50@behance.net,Female,121.146.112.60
182,Riordan,Kennham,rkennham51@moonfruit.com,Male,254.64.26.21
183,Jewel,Cuffe,jcuffe52@tripadvisor.com,Polygender,137.81.118.17
184,Vladamir,Chasle,vchasle53@cnet.com,Male,241.207.13.86
185,Karia,Burdge,kburdge54@meetup.com,Non-binary,230.83.130.187
186,Bobbe,Franzotto,bfranzotto55@nasa.gov,Female,244.33.89.89
187,Ikey,Skyppe,iskyppe56@ustream.tv,Male,139.21.222.154
188,Thorndike,Bech,tbech57@nps.gov,Male,105.250.80.92
189,Sandye,Cagan,scagan58@miibeian.gov.cn,Female,94.78.212.14
190,Bryanty,Mc Caughan,bmccaughan59@themeforest.net,Male,137.50.97.251
191,Rowe,Linn,rlinn5a@vkontakte.ru,Female,222.232.26.188
192,Saleem,Cass,scass5b@yelp.com,Male,73.171.224.182
193,Waverly,Towner,wtowner5c@examiner.com,Male,3.116.55.211
194,Darleen,Blacksell,dblacksell5d@livejournal.com,Female,86.138.90.29
195,Mariette,O'Cullen,mocullen5e@hhs.gov,Female,236.204.233.13
196,Codie,Sine,csine5f@issuu.com,Male,25.171.71.81
197,Tonia,Hugenin,thugenin5g@4shared.com,Female,96.211.121.7
198,Phyllida,Poizer,ppoizer5h@fda.gov,Genderqueer,81.126.56.197
199,Leonerd,Petranek,lpetranek5i@list-manage.com,Male,70.49.255.156
200,Mordecai,Kidd,mkidd5j@arizona.edu,Male,121.222.0.174
201,Darb,Shiell,dshiell5k@shutterfly.com,Male,10.194.72.53
202,Stirling,Taleworth,staleworth5l@hibu.com,Male,11.196.17.97
203,Katina,Halley,khalley5m@prweb.com,Female,115.246.105.144
204,Pandora,Imlacke,pimlacke5n@scribd.com,Female,132.143.167.6
205,Micky,Lytle,mlytle5o@rambler.ru,Male,62.6.135.96
206,Jarrid,Culleford,jculleford5p@google.nl,Male,74.59.117.1
207,Dasie,Raise,draise5q@canalblog.com,Female,183.171.115.252
208,Jeffrey,Ladd,jladd5r@wufoo.com,Male,194.80.96.40
209,Genia,Brandsen,gbrandsen5s@1688.com,Female,214.113.78.229
210,Stanfield,Whitsun,swhitsun5t@e-recht24.de,Male,54.141.116.218
211,Hana,Wedmore,hwedmore5u@google.it,Female,92.207.225.141
212,Bastian,Gascoigne,bgascoigne5v@artisteer.com,Male,154.138.166.37
213,Dixie,Everist,deverist5w@wordpress.com,Female,250.20.17.2
214,Stacy,Yarker,syarker5x@mail.ru,Female,208.8.154.21
215,Archie,Marsie,amarsie5y@woothemes.com,Male,18.41.235.23
216,Chadwick,Purse,cpurse5z@berkeley.edu,Bigender,83.60.37.171
217,Penrod,Humphery,phumphery60@deviantart.com,Polygender,39.71.179.61
218,Blancha,Briand,bbriand61@berkeley.edu,Female,161.177.63.60
219,Brittaney,Dyball,bdyball62@wunderground.com,Female,156.17.94.117
220,Wyn,Looby,wlooby63@xinhuanet.com,Male,81.169.247.197
221,Neron,Fugere,nfugere64@microsoft.com,Male,160.182.214.249
222,Joela,Woolmer,jwoolmer65@squidoo.com,Female,72.153.18.126
223,Forbes,Dightham,fdightham66@comsenz.com,Male,114.247.167.136
224,Johnnie,Tocher,jtocher67@phoca.cz,Male,82.187.52.113
225,Jerrine,Jepensen,jjepensen68@ameblo.jp,Female,143.41.68.175
226,Neddie,Unsworth,nunsworth69@goo.gl,Male,132.81.96.61
227,Nettie,Yushkov,nyushkov6a@bluehost.com,Non-binary,194.85.156.244
228,Johannah,Teather,jteather6b@simplemachines.org,Female,128.51.165.107
229,Gwynne,Sibbons,gsibbons6c@ca.gov,Female,157.185.165.171
230,Dael,Charke,dcharke6d@technorati.com,Male,243.52.9.98
231,Rinaldo,Yarrall,ryarrall6e@harvard.edu,Male,215.7.70.157
232,Richart,Lestrange,rlestrange6f@newsvine.com,Male,122.66.27.141
233,Jaymee,Fludgate,jfludgate6g@oracle.com,Female,37.122.186.117
234,Michelina,Canty,mcanty6h@vk.com,Agender,25.112.115.187
235,Aurelie,Walkingshaw,awalkingshaw6i@fc2.com,Female,122.110.118.179
236,Loralie,Earwaker,learwaker6j@google.de,Female,2.104.194.168
237,Jakie,Winsome,jwinsome6k@archive.org,Male,253.255.79.149
238,Gustavo,Leppo,gleppo6l@umn.edu,Polygender,110.126.55.16
239,Breanne,Yelding,byelding6m@youku.com,Female,22.243.228.120
240,Alanah,Sauvain,asauvain6n@sbwire.com,Genderqueer,171.79.225.19
241,Darcie,Hallen,dhallen6o@eventbrite.com,Genderfluid,184.224.146.218
242,Hortense,Barrable,hbarrable6p@techcrunch.com,Female,253.43.197.13
243,Garry,Egre,gegre6q@slate.com,Male,151.205.50.153
244,Prue,Loverock,ploverock6r@so-net.ne.jp,Female,1.153.193.14
245,Oliver,Winwright,owinwright6s@mozilla.com,Male,29.104.108.178
246,Pren,Outridge,poutridge6t@upenn.edu,Genderqueer,148.17.251.232
247,Morna,Worham,mworham6u@walmart.com,Female,232.56.202.174
248,Nollie,Linny,nlinny6v@omniture.com,Female,105.6.149.79
249,Phylys,Fortun,pfortun6w@mayoclinic.com,Female,136.199.217.180
250,Finley,Horlock,fhorlock6x@redcross.org,Male,94.188.33.228
251,Seana,Witchalls,switchalls6y@indiegogo.com,Female,221.218.189.143
252,Franzen,Schapero,fschapero6z@thetimes.co.uk,Male,179.113.172.159
253,Jessalin,Mawdsley,jmawdsley70@tinypic.com,Female,20.37.41.103
254,Grantley,Cruwys,gcruwys71@ed.gov,Male,153.173.156.66
255,Dione,Geaney,dgeaney72@ibm.com,Female,10.32.211.64
256,Jenine,Briggs,jbriggs73@yellowpages.com,Female,129.35.199.49
257,Babbette,Siveter,bsiveter74@alexa.com,Female,229.14.128.161
258,Ramona,Scutts,rscutts75@ycombinator.com,Female,32.107.0.79
259,Merwin,Pavlovsky,mpavlovsky76@wp.com,Male,143.9.104.139
260,Shem,Gilliam,sgilliam77@e-recht24.de,Male,72.36.136.171
261,Elinor,Brownsmith,ebrownsmith78@oakley.com,Female,184.18.65.104
262,Vinny,Tumini,vtumini79@nationalgeographic.com,Male,45.85.156.128
263,Nelie,Brecken,nbrecken7a@imgur.com,Female,45.15.166.222
264,Matelda,McGeaney,mmcgeaney7b@wiley.com,Female,183.183.103.37
265,Antonietta,Meriet,ameriet7c@answers.com,Female,178.182.149.165
266,Laurianne,Dwane,ldwane7d@infoseek.co.jp,Female,212.72.59.98
267,Gilberto,Redish,gredish7e@icio.us,Male,240.26.85.133
268,Waring,Pays,wpays7f@fc2.com,Male,166.135.101.70
269,Charleen,Sleep,csleep7g@linkedin.com,Female,104.64.22.142
270,Wanda,Wedderburn,wwedderburn7h@storify.com,Female,189.49.72.244
271,Gusti,Burree,gburree7i@bizjournals.com,Female,230.14.35.253
272,Tomlin,Renzo,trenzo7j@multiply.com,Male,215.219.153.224
273,Orelie,Pideon,opideon7k@gmpg.org,Female,72.223.132.133
274,Nils,Auguste,nauguste7l@netvibes.com,Male,155.233.33.200
275,Pennie,Delamar,pdelamar7m@sakura.ne.jp,Male,179.251.183.209
276,Avrom,Boyet,aboyet7n@canalblog.com,Male,232.140.81.36
277,Blane,Lusty,blusty7o@ft.com,Genderfluid,236.225.92.221
278,Cozmo,Daburn,cdaburn7p@mozilla.org,Male,132.172.142.215
279,Kennedy,Moores,kmoores7q@phoca.cz,Male,87.188.132.209
280,Lyndsey,Roffe,lroffe7r@cam.ac.uk,Female,139.150.81.224
281,Elwood,Beggio,ebeggio7s@sakura.ne.jp,Male,135.159.95.17
282,Randie,Bentzen,rbentzen7t@comsenz.com,Male,89.132.113.238
283,Agustin,Szreter,aszreter7u@marriott.com,Male,59.224.12.41
284,Ashlan,Hofner,ahofner7v@apple.com,Female,117.201.50.193
285,Van,McMurraya,vmcmurraya7w@printfriendly.com,Male,59.82.30.37
286,Lenard,Westmarland,lwestmarland7x@berkeley.edu,Male,77.35.3.26
287,Abrahan,Haggerstone,ahaggerstone7y@youku.com,Male,108.70.241.37
288,Shurwood,Armand,sarmand7z@house.gov,Male,22.147.59.248
289,Kev,Halle,khalle80@irs.gov,Male,252.116.197.9
290,Pavla,Enrich,penrich81@nps.gov,Female,51.8.183.39
291,Myles,Firpi,mfirpi82@mozilla.com,Male,153.36.172.250
292,Scarlett,Lilliman,slilliman83@symantec.com,Female,146.183.102.3
293,Eleanor,Senior,esenior84@is.gd,Female,71.143.160.206
294,Edie,MacIlhagga,emacilhagga85@barnesandnoble.com,Female,233.64.177.194
295,Bronny,Wisker,bwisker86@squidoo.com,Male,204.208.156.70
296,Loralyn,Pane,lpane87@pbs.org,Female,86.198.55.83
297,Lanita,O'Heaney,loheaney88@4shared.com,Female,156.86.31.158
298,Dolf,Try,dtry89@cnn.com,Male,188.139.11.95
299,Corinne,Adams,cadams8a@google.es,Female,134.127.77.206
300,Vin,Fones,vfones8b@indiatimes.com,Male,197.72.84.18
301,Anna-maria,Runciman,arunciman8c@cpanel.net,Female,8.13.2.62
302,Orson,Bleaden,obleaden8d@bigcartel.com,Male,192.79.147.38
303,Hobie,Aronstein,haronstein8e@e-recht24.de,Bigender,254.115.37.208
304,Mirelle,Breslin,mbreslin8f@mediafire.com,Female,228.129.93.170
305,Elsie,Bretelle,ebretelle8g@spotify.com,Female,170.220.95.211
306,Charmian,Mochan,cmochan8h@yale.edu,Female,76.73.243.247
307,Peyter,Fryer,pfryer8i@hostgator.com,Male,165.239.229.100
308,Roze,O'Nion,ronion8j@linkedin.com,Female,151.103.206.198
309,Kean,Rubenov,krubenov8k@dyndns.org,Male,123.17.152.26
310,Anica,Harlett,aharlett8l@slideshare.net,Female,179.71.215.156
311,Addia,Myrie,amyrie8m@digg.com,Female,234.207.93.200
312,Emory,Cantillon,ecantillon8n@phpbb.com,Agender,36.202.68.43
313,Wynn,Braitling,wbraitling8o@va.gov,Male,141.229.6.33
314,Jacqui,Ghelarducci,jghelarducci8p@simplemachines.org,Female,213.173.30.99
315,Amos,Heino,aheino8q@wix.com,Male,148.248.40.14
316,Emelda,Abad,eabad8r@springer.com,Female,196.177.134.1
317,Billy,Doogan,bdoogan8s@yahoo.com,Agender,174.250.98.61
318,Lorna,Harrinson,lharrinson8t@ca.gov,Female,146.44.235.54
319,Moore,Ballantyne,mballantyne8u@jugem.jp,Male,15.49.237.206
320,Waly,Angelini,wangelini8v@twitter.com,Female,227.162.102.15
321,Tobin,Tupp,ttupp8w@feedburner.com,Male,128.6.44.12
322,Inez,Creelman,icreelman8x@kickstarter.com,Female,148.20.36.153
323,Melony,Garlee,mgarlee8y@msn.com,Female,67.77.180.238
324,Lilia,Kennaway,lkennaway8z@feedburner.com,Female,26.13.49.182
325,Stephani,Donn,sdonn90@netlog.com,Female,130.124.4.227
326,Lyndsay,Ales0,lales91@skyrock.com,Female,166.62.196.176
327,Arie,McCuffie,amccuffie92@homestead.com,Male,40.6.178.235
328,Red,Mainland,rmainland93@bloomberg.com,Male,116.48.36.175
329,Benito,Malcolmson,bmalcolmson94@independent.co.uk,Male,235.159.77.147
330,Bay,Linay,blinay95@samsung.com,Agender,5.96.197.226
331,Jaquelyn,Abramow,jabramow96@dedecms.com,Female,77.35.230.91
332,Bendix,Scarce,bscarce97@bizjournals.com,Male,38.179.69.175
333,Xavier,Gotmann,xgotmann98@simplemachines.org,Male,166.21.102.145
334,Sibby,Maghull,smaghull99@nsw.gov.au,Female,251.149.55.196
335,Trudie,Weson,tweson9a@go.com,Female,48.69.195.211
336,Niki,Yabsley,nyabsley9b@constantcontact.com,Female,76.25.213.62
337,Cointon,McTerry,cmcterry9c@myspace.com,Male,217.44.61.222
338,Rouvin,Wines,rwines9d@friendfeed.com,Male,156.74.154.81
339,Yardley,Kilkenny,ykilkenny9e@ow.ly,Male,48.157.191.7
340,Albina,Karlsen,akarlsen9f@phpbb.com,Female,47.203.229.126
341,Ronny,Sattin,rsattin9g@yale.edu,Female,119.206.169.242
342,Delila,Questier,dquestier9h@stanford.edu,Female,166.197.95.209
343,Fred,Skym,fskym9i@amazon.com,Female,175.6.147.11
344,Mordy,Neville,mneville9j@a8.net,Male,115.252.202.160
345,Mala,Siehard,msiehard9k@home.pl,Female,207.190.64.70
346,Meriel,Allsup,mallsup9l@networkadvertising.org,Female,109.114.114.245
347,Carlota,Jahnig,cjahnig9m@merriam-webster.com,Female,120.231.168.191
348,Brodie,Coatts,bcoatts9n@ask.com,Male,55.213.111.110
349,Ermanno,Hegel,ehegel9o@hubpages.com,Male,202.103.190.134
350,Gwenni,Hardman,ghardman9p@blogger.com,Female,162.231.194.244
351,Celestine,Beddoes,cbeddoes9q@vinaora.com,Female,241.35.245.89
352,Susana,Monk,smonk9r@opera.com,Genderfluid,92.137.140.140
353,Sherry,Wand,swand9s@kickstarter.com,Female,159.202.217.187
354,Jenelle,Guise,jguise9t@deviantart.com,Genderqueer,253.13.42.4
355,Thacher,Plet,tplet9u@google.fr,Male,109.149.158.244
356,Randall,Steen,rsteen9v@tuttocitta.it,Male,29.175.189.161
357,Saxon,Fermer,sfermer9w@bing.com,Male,193.130.174.162
358,Helenelizabeth,Levesque,hlevesque9x@wufoo.com,Female,151.125.117.158
359,Barclay,Crooke,bcrooke9y@auda.org.au,Genderqueer,188.80.147.163
360,Rockwell,Crome,rcrome9z@slideshare.net,Male,36.163.24.48
361,Dani,Gladdis,dgladdisa0@xing.com,Male,161.89.52.227
362,Riordan,Berringer,rberringera1@is.gd,Male,195.246.182.197
363,Warren,Probey,wprobeya2@blogspot.com,Male,84.241.159.199
364,Base,Myles,bmylesa3@cnbc.com,Male,131.168.7.249
365,Buckie,Peterffy,bpeterffya4@wiley.com,Genderqueer,216.106.247.32
366,Bobbie,Gruszecki,bgruszeckia5@dmoz.org,Male,18.254.111.22
367,Hanni,Hyam,hhyama6@github.com,Female,12.84.114.21
368,Patty,Evans,pevansa7@taobao.com,Male,110.105.254.48
369,Royal,Taylorson,rtaylorsona8@about.com,Male,212.129.157.200
370,Maressa,Tradewell,mtradewella9@house.gov,Female,97.19.62.158
371,Jackquelin,Piolli,jpiolliaa@ning.com,Female,207.82.20.26
372,Leonerd,Mufford,lmuffordab@jimdo.com,Male,234.156.203.194
373,Son,Gritskov,sgritskovac@alexa.com,Male,67.251.131.179
374,Reider,Sharland,rsharlandad@blogtalkradio.com,Male,134.117.169.225
375,Merrill,Drohan,mdrohanae@bigcartel.com,Non-binary,22.53.250.40
376,Darby,Robbs,drobbsaf@forbes.com,Female,225.14.44.237
377,Jamesy,Pummell,jpummellag@rakuten.co.jp,Male,42.16.119.92
378,Haslett,Abramowsky,habramowskyah@npr.org,Male,57.184.147.96
379,Julee,O'Cullen,jocullenai@wp.com,Female,115.172.146.243
380,Morissa,Scoggins,mscogginsaj@uiuc.edu,Female,176.41.92.135
381,Cathie,Downing,cdowningak@flickr.com,Female,37.99.248.121
382,Fidela,Dantesia,fdantesiaal@lulu.com,Female,168.122.182.147
383,Annabel,Lowseley,alowseleyam@google.es,Female,251.216.112.209
384,Lethia,Verissimo,lverissimoan@weibo.com,Polygender,169.138.171.223
385,Norry,Empringham,nempringhamao@businessweek.com,Male,7.136.243.130
386,Melodee,Frensche,mfrenscheap@nymag.com,Female,174.55.151.73
387,Cicily,Vermer,cvermeraq@4shared.com,Female,111.117.31.136
388,Lorene,Alven,lalvenar@boston.com,Agender,8.98.45.165
389,Elinore,Harkes,eharkesas@google.ca,Female,188.95.156.78
390,Pearl,Devonald,pdevonaldat@jimdo.com,Female,252.86.197.238
391,Yehudit,Headington,yheadingtonau@exblog.jp,Male,28.79.206.216
392,Frieda,Doley,fdoleyav@npr.org,Female,151.186.123.101
393,Maxy,Maron,mmaronaw@nba.com,Male,5.105.86.229
394,Lauree,Riordan,lriordanax@creativecommons.org,Female,96.31.213.106
395,Britney,Manners,bmannersay@who.int,Polygender,103.33.216.63
396,Angelo,Cristofano,acristofanoaz@storify.com,Male,68.24.102.115
397,Vitoria,Turle,vturleb0@samsung.com,Genderqueer,103.40.94.152
398,Staci,Cavolini,scavolinib1@ocn.ne.jp,Female,91.20.151.31
399,Sher,Donaher,sdonaherb2@sina.com.cn,Female,75.20.145.50
400,Sammie,Ruprecht,sruprechtb3@g.co,Agender,36.195.173.237
401,Pierce,Dyde,pdydeb4@marriott.com,Male,114.144.117.212
402,Rodolfo,Mc Ilwrick,rmcilwrickb5@theglobeandmail.com,Male,214.202.96.162
403,Ginni,Peller,gpellerb6@fema.gov,Female,243.7.57.53
404,Ewart,Viel,evielb7@google.pl,Male,48.154.44.196
405,Regen,Genese,rgeneseb8@state.tx.us,Male,141.43.57.31
406,Michele,Sholl,mshollb9@vimeo.com,Female,124.15.76.130
407,Avivah,Atrill,aatrillba@tumblr.com,Female,17.97.46.27
408,Editha,Loveland,elovelandbb@thetimes.co.uk,Female,76.49.152.85
409,Solomon,Sammars,ssammarsbc@arstechnica.com,Male,66.21.154.206
410,Emmye,Urrey,eurreybd@ebay.co.uk,Female,9.105.37.4
411,Bevin,Phipps,bphippsbe@ebay.com,Male,186.137.17.244
412,Aurilia,Simonyi,asimonyibf@slate.com,Female,68.107.23.212
413,Aurel,Willmer,awillmerbg@weather.com,Female,4.249.37.68
414,Marsiella,Bronger,mbrongerbh@cisco.com,Female,154.91.181.177
415,Sal,Twells,stwellsbi@mtv.com,Male,170.159.119.200
416,Andris,Malacrida,amalacridabj@yelp.com,Male,112.103.21.240
417,Dulci,Shatford,dshatfordbk@mlb.com,Female,87.83.87.131
418,Wilmar,Olennikov,wolennikovbl@cdc.gov,Male,15.194.157.93
419,Kelbee,Bubeer,kbubeerbm@hibu.com,Male,245.60.187.6
420,Matti,Simester,msimesterbn@163.com,Genderqueer,5.197.226.248
421,Herbie,Morcom,hmorcombo@sciencedirect.com,Male,13.43.244.178
422,Arney,Shilton,ashiltonbp@fotki.com,Male,129.88.198.159
423,Milissent,Kinnane,mkinnanebq@flavors.me,Female,161.128.124.25
424,Darda,Lanchberry,dlanchberrybr@sphinn.com,Female,234.70.154.75
425,Cece,Rapley,crapleybs@msn.com,Male,211.136.197.71
426,Daune,Moniker,dmonikerbt@topsy.com,Female,205.189.150.196
427,Inna,Droghan,idroghanbu@feedburner.com,Female,220.218.78.19
428,Saunder,Sarsfield,ssarsfieldbv@accuweather.com,Male,82.104.141.254
429,Bill,Palombi,bpalombibw@ameblo.jp,Male,167.105.35.201
430,Dinnie,Dunbar,ddunbarbx@house.gov,Female,97.255.126.93
431,Evangeline,Stayt,estaytby@rediff.com,Female,138.89.33.76
432,Kay,Diano,kdianobz@adobe.com,Female,8.94.173.208
433,Forrester,Sellors,fsellorsc0@apache.org,Male,79.65.36.48
434,Brigitte,Moulsdall,bmoulsdallc1@paypal.com,Female,43.34.26.93
435,Matty,Poulter,mpoulterc2@xinhuanet.com,Genderfluid,204.115.94.173
436,Gris,Greenier,ggreenierc3@nih.gov,Male,131.17.32.204
437,Merla,Guillond,mguillondc4@bbc.co.uk,Female,118.107.120.99
438,Gabrila,Wogan,gwoganc5@digg.com,Genderqueer,23.246.167.214
439,Gordan,Bocken,gbockenc6@a8.net,Polygender,115.228.131.87
440,Selene,Vanini,svaninic7@uiuc.edu,Female,232.137.231.215
441,Brandie,Diess,bdiessc8@phpbb.com,Female,189.100.245.194
442,Myrah,Blacket,mblacketc9@booking.com,Female,110.140.231.52
443,Elmira,Wyness,ewynessca@shinystat.com,Female,119.23.178.117
444,Merlina,Walcot,mwalcotcb@ehow.com,Female,103.217.247.129
445,Meier,Cresser,mcressercc@accuweather.com,Genderqueer,173.250.73.27
446,Vera,Hendricks,vhendrickscd@opensource.org,Female,194.215.55.149
447,Shanna,Knolles-Green,sknollesgreence@who.int,Female,181.106.169.28
448,Gypsy,Yuill,gyuillcf@go.com,Female,173.109.229.52
449,Audrey,MacCourt,amaccourtcg@mashable.com,Female,231.9.136.61
450,Otes,Toft,otoftch@wufoo.com,Male,31.174.48.237
451,Lesli,Pounsett,lpounsettci@berkeley.edu,Female,59.159.184.34
452,Kristy,Hubbuck,khubbuckcj@friendfeed.com,Female,78.172.137.127
453,Gayler,Storres,gstorresck@mediafire.com,Male,232.30.248.186
454,Glyn,McGlew,gmcglewcl@slashdot.org,Male,142.74.52.237
455,Dory,Timmermann,dtimmermanncm@naver.com,Male,25.17.214.107
456,Halette,O'Geaney,hogeaneycn@indiatimes.com,Female,2.50.109.237
457,Pavla,Rowling,prowlingco@examiner.com,Female,112.206.200.97
458,Arne,Lippo,alippocp@exblog.jp,Male,132.180.23.133
459,Ugo,MacGiany,umacgianycq@rediff.com,Male,38.158.182.80
460,Ethelin,Kelsey,ekelseycr@marriott.com,Female,251.207.123.208
461,Niccolo,Vonasek,nvonasekcs@woothemes.com,Male,173.28.168.220
462,Silvan,McIlhatton,smcilhattonct@arizona.edu,Male,173.81.229.105
463,Newton,Uppett,nuppettcu@slideshare.net,Bigender,34.184.167.81
464,Marten,Lere,mlerecv@apple.com,Male,230.104.147.202
465,Onfre,Chaff,ochaffcw@tuttocitta.it,Male,230.102.26.64
466,Amelie,Lodge,alodgecx@bandcamp.com,Female,90.85.8.210
467,Sybyl,Dodds,sdoddscy@sphinn.com,Female,183.131.220.144
468,Ranee,Pinwell,rpinwellcz@un.org,Female,174.211.253.229
469,Faulkner,Boylin,fboylind0@hubpages.com,Agender,186.52.200.167
470,Ugo,Ruben,urubend1@ftc.gov,Male,39.17.6.112
471,Brandyn,Mourgue,bmourgued2@google.com.br,Male,172.200.178.116
472,Rochell,Trolley,rtrolleyd3@tamu.edu,Female,96.41.81.31
473,Kathie,Joselevitz,kjoselevitzd4@diigo.com,Non-binary,123.110.251.204
474,Cornie,Matuszynski,cmatuszynskid5@behance.net,Genderqueer,128.145.168.190
475,Clo,Housaman,chousamand6@trellian.com,Female,131.102.226.193
476,Theodore,Karpman,tkarpmand7@odnoklassniki.ru,Genderfluid,200.64.185.100
477,Marylynne,Muck,mmuckd8@gizmodo.com,Female,189.105.38.205
478,Katherine,Pawlata,kpawlatad9@cisco.com,Female,143.155.22.53
479,Jobina,Eddowes,jeddowesda@hao123.com,Female,32.242.139.222
480,Der,Sollom,dsollomdb@quantcast.com,Male,7.90.177.109
481,Daron,Windram,dwindramdc@usgs.gov,Male,113.145.198.38
482,Belicia,Trenbey,btrenbeydd@imgur.com,Female,222.137.219.249
483,Stu,Scott,sscottde@altervista.org,Male,187.175.187.183
484,Teodoor,Beauly,tbeaulydf@stanford.edu,Male,61.189.74.58
485,Barney,McEttigen,bmcettigendg@dailymail.co.uk,Male,50.100.168.167
486,Breena,Starmer,bstarmerdh@ow.ly,Female,21.116.74.172
487,Jandy,Hinze,jhinzedi@comsenz.com,Female,192.9.8.197
488,Wilma,MacCaughen,wmaccaughendj@mlb.com,Female,131.66.252.125
489,Bren,Bartolini,bbartolinidk@virginia.edu,Male,140.116.40.109
490,Francine,Esbrook,fesbrookdl@skype.com,Female,146.139.173.10
491,Buckie,Marciek,bmarciekdm@diigo.com,Agender,26.135.212.226
492,Ferris,Mathivet,fmathivetdn@cnn.com,Male,223.95.165.24
493,Pamelina,Thurling,pthurlingdo@fotki.com,Agender,216.180.158.137
494,Amy,Guidini,aguidinidp@dedecms.com,Female,102.114.231.74
495,Vitoria,Ellingworth,vellingworthdq@nbcnews.com,Female,198.204.148.21
496,Son,Powys,spowysdr@huffingtonpost.com,Male,141.61.75.190
497,Coleman,Bougourd,cbougourdds@blogs.com,Bigender,20.200.233.134
498,Maryanna,De Biasio,mdebiasiodt@europa.eu,Female,29.172.140.4
499,Bartholomeus,Boggs,bboggsdu@google.fr,Male,20.11.184.146
500,Edd,MacSorley,emacsorleydv@unesco.org,Male,51.244.187.183
501,Clint,Scrannage,cscrannagedw@indiegogo.com,Genderqueer,169.139.70.38
502,Nerty,Buttfield,nbuttfielddx@tmall.com,Female,176.56.204.125
503,Lamar,Ducarne,lducarnedy@who.int,Male,171.190.86.108
504,Bethany,Meads,bmeadsdz@dailymotion.com,Female,198.65.109.65
505,Othella,Gerriessen,ogerriessene0@goodreads.com,Female,79.117.151.131
506,Sibelle,Bonds,sbondse1@mozilla.org,Female,85.241.71.159
507,Benny,Piddlehinton,bpiddlehintone2@xrea.com,Male,70.15.236.14
508,Suki,Thew,sthewe3@ovh.net,Female,154.53.207.82
509,Nari,Gepp,ngeppe4@creativecommons.org,Female,81.176.130.54
510,Obadiah,Hammett,ohammette5@bloglovin.com,Male,133.202.166.201
511,Beryle,Uphill,buphille6@nih.gov,Female,24.99.224.239
512,Maurizio,Currer,mcurrere7@bluehost.com,Male,20.62.182.163
513,Sophi,Foxcroft,sfoxcrofte8@gravatar.com,Non-binary,43.59.56.52
514,Hana,Gosswell,hgosswelle9@desdev.cn,Female,48.183.181.252
515,Cullie,Manners,cmannersea@goodreads.com,Male,29.27.129.27
516,Bordie,Sommer,bsommereb@google.es,Male,69.105.144.188
517,Tanny,Emburey,tembureyec@go.com,Non-binary,127.219.232.129
518,Minerva,Skillanders,mskillandersed@jugem.jp,Female,65.45.130.110
519,Davy,Jarrad,djarradee@bravesites.com,Male,17.125.17.69
520,Tammie,Rudolph,trudolphef@studiopress.com,Male,251.232.171.185
521,Debbie,Riediger,driedigereg@feedburner.com,Female,188.206.135.125
522,Lorant,Garrould,lgarrouldeh@wufoo.com,Male,31.234.120.172
523,Gifford,Boulder,gboulderei@amazon.co.uk,Male,254.64.104.164
524,Sanderson,Burwin,sburwinej@nydailynews.com,Male,9.235.115.147
525,Maryanna,Aldhouse,maldhouseek@dailymail.co.uk,Female,34.252.189.27
526,Raimondo,Beaten,rbeatenel@samsung.com,Male,139.195.39.90
527,Denys,Tuckett,dtuckettem@mapy.cz,Genderqueer,101.252.73.107
528,Kristal,Sycamore,ksycamoreen@nhs.uk,Female,198.223.30.229
529,Row,Gilogly,rgiloglyeo@biblegateway.com,Female,220.39.216.115
530,Elton,Sandbatch,esandbatchep@ocn.ne.jp,Male,219.108.227.127
531,Cornelle,Commings,ccommingseq@bravesites.com,Female,241.234.15.210
532,Jeannine,Wetherick,jwethericker@disqus.com,Female,225.14.72.45
533,Gerek,St Angel,gstangeles@ucla.edu,Male,80.146.99.52
534,Gipsy,Montacute,gmontacuteet@tuttocitta.it,Non-binary,59.230.60.46
535,Lambert,Burchett,lburchetteu@technorati.com,Male,98.5.90.149
536,Devlin,Dales,ddalesev@scribd.com,Male,108.9.214.132
537,Coraline,Ridings,cridingsew@dion.ne.jp,Female,48.138.190.82
538,Bat,Toffalo,btoffaloex@abc.net.au,Male,171.199.18.42
539,Felipe,Dowsey,fdowseyey@paginegialle.it,Male,125.147.140.131
540,Lorilee,Hixley,lhixleyez@bing.com,Female,178.45.19.91
541,Clare,Vallantine,cvallantinef0@networksolutions.com,Male,74.208.232.168
542,Abbye,Dumingos,adumingosf1@ow.ly,Genderfluid,69.108.137.114
543,Mannie,Iohananof,miohananoff2@dell.com,Male,118.145.76.18
544,Garik,Norster,gnorsterf3@springer.com,Male,153.169.7.119
545,Elsy,Morson,emorsonf4@marketwatch.com,Agender,134.31.19.163
546,Perrine,Ambage,pambagef5@washingtonpost.com,Female,25.218.26.103
547,Oliviero,Ambrozik,oambrozikf6@zimbio.com,Male,248.91.37.110
548,Erwin,Berryann,eberryannf7@huffingtonpost.com,Male,69.14.179.101
549,Mariejeanne,Hebbron,mhebbronf8@is.gd,Female,180.247.124.113
550,Malvina,Squelch,msquelchf9@cam.ac.uk,Female,181.34.104.216
551,Cathrine,Jedrysik,cjedrysikfa@oakley.com,Agender,12.228.211.163
552,Levey,Donner,ldonnerfb@cyberchimps.com,Male,210.23.250.23
553,Fawnia,Carder,fcarderfc@mail.ru,Female,184.135.148.50
554,Eb,Behneke,ebehnekefd@timesonline.co.uk,Male,208.129.98.228
555,Grannie,Willicott,gwillicottfe@craigslist.org,Male,211.124.241.189
556,Alex,Wolseley,awolseleyff@moonfruit.com,Female,18.228.138.143
557,Ninnetta,Jeroch,njerochfg@bloglines.com,Female,127.182.51.48
558,Milton,Stag,mstagfh@pbs.org,Male,142.216.45.146
559,Dunstan,Sprowle,dsprowlefi@macromedia.com,Male,6.171.213.5
560,Thadeus,Eadmead,teadmeadfj@csmonitor.com,Male,3.137.190.86
561,Addy,Tough,atoughfk@bluehost.com,Male,95.248.141.101
562,Konstantin,Heape,kheapefl@nydailynews.com,Genderqueer,80.235.186.165
563,Porty,Lampl,plamplfm@booking.com,Male,192.131.43.73
564,Rooney,Aizikovich,raizikovichfn@godaddy.com,Male,206.79.88.59
565,Laurens,Bottinelli,lbottinellifo@bloglovin.com,Male,150.142.176.90
566,Shawn,Bonafacino,sbonafacinofp@ftc.gov,Male,175.48.97.180
567,Moshe,Postlewhite,mpostlewhitefq@surveymonkey.com,Male,179.246.205.96
568,Natka,Rushman,nrushmanfr@diigo.com,Female,163.53.151.54
569,Annabelle,Coogan,acooganfs@histats.com,Female,222.59.139.29
570,Tabbie,Mandy,tmandyft@gov.uk,Female,131.140.155.38
571,Kerianne,Houten,khoutenfu@networksolutions.com,Female,191.140.104.115
572,Conrade,Arnet,carnetfv@engadget.com,Male,47.146.241.70
573,Melisse,Matasov,mmatasovfw@europa.eu,Female,72.110.160.227
574,Anderson,Muschette,amuschettefx@fotki.com,Male,57.43.144.27
575,Ginelle,Hobbema,ghobbemafy@ucsd.edu,Female,248.233.112.103
576,Millie,Raveau,mraveaufz@geocities.com,Female,36.14.110.122
577,Blanche,Debow,bdebowg0@paypal.com,Female,165.30.150.68
578,Kelli,Eadmeades,keadmeadesg1@prnewswire.com,Female,179.192.79.157
579,Melania,Snawdon,msnawdong2@kickstarter.com,Female,226.80.138.128
580,Gabriella,Gregorin,ggregoring3@plala.or.jp,Female,149.1.163.8
581,James,Giannassi,jgiannassig4@dropbox.com,Bigender,113.76.240.206
582,Cristabel,Godfery,cgodferyg5@fc2.com,Female,49.133.117.82
583,Ambrosio,Kleinzweig,akleinzweigg6@census.gov,Male,200.72.163.27
584,Franchot,Wimsett,fwimsettg7@xrea.com,Male,176.156.121.7
585,Halimeda,Talman,htalmang8@flickr.com,Polygender,72.13.162.9
586,Alfonse,Hurnell,ahurnellg9@fastcompany.com,Male,128.138.157.186
587,Mano,Castagneto,mcastagnetoga@diigo.com,Male,121.130.176.121
588,Josias,Brummitt,jbrummittgb@moonfruit.com,Male,139.63.138.157
589,Guillaume,Dowty,gdowtygc@yellowbook.com,Male,130.19.111.157
590,Donn,Pollendine,dpollendinegd@jigsy.com,Male,1.148.18.197
591,Kev,Gristock,kgristockge@nhs.uk,Male,154.162.243.144
592,Felike,Beningfield,fbeningfieldgf@ihg.com,Male,25.27.145.190
593,Dorelle,Heaffey,dheaffeygg@networksolutions.com,Female,215.210.128.111
594,Avigdor,Yarrington,ayarringtongh@msu.edu,Male,10.184.216.88
595,Cybil,Silvermann,csilvermanngi@tmall.com,Female,74.26.251.59
596,Ginny,Dyson,gdysongj@csmonitor.com,Female,143.1.240.255
597,Lolly,Kleinberer,lkleinberergk@ebay.co.uk,Female,237.3.209.181
598,Reese,Peter,rpetergl@wikimedia.org,Male,120.150.209.91
599,Salaidh,Snaith,ssnaithgm@sakura.ne.jp,Female,31.157.17.13
600,Vachel,Zanolli,vzanollign@netlog.com,Male,71.66.196.88
601,Arlene,Collinette,acollinettego@csmonitor.com,Female,95.175.174.130
602,Mikkel,Tuma,mtumagp@de.vu,Male,55.10.38.75
603,Rip,Betty,rbettygq@amazon.com,Male,1.80.58.241
604,Prince,Scherer,pscherergr@ehow.com,Male,210.148.43.238
605,Allina,Crilly,acrillygs@weibo.com,Female,99.159.133.66
606,Fonzie,Spickett,fspickettgt@godaddy.com,Male,100.246.213.70
607,Wayland,Diehn,wdiehngu@gnu.org,Male,115.28.12.192
608,Cornie,Haigh,chaighgv@photobucket.com,Male,18.147.8.114
609,Sheba,Chesterfield,schesterfieldgw@mayoclinic.com,Female,42.178.147.145
610,Valentin,Fothergill,vfothergillgx@tuttocitta.it,Male,189.188.196.105
611,Buddy,Povall,bpovallgy@chicagotribune.com,Male,254.233.176.193
612,Jared,Gascoyen,jgascoyengz@simplemachines.org,Male,199.212.17.107
613,Ivan,Nuzzti,inuzztih0@nba.com,Male,3.211.4.191
614,Nealson,Gate,ngateh1@nps.gov,Male,110.81.96.200
615,Renaldo,Rebbeck,rrebbeckh2@paypal.com,Male,170.91.231.213
616,Benny,Standall,bstandallh3@g.co,Female,147.222.218.145
617,Shurlocke,Edlestone,sedlestoneh4@hud.gov,Male,245.136.139.35
618,Louis,Free,lfreeh5@dropbox.com,Male,47.54.253.38
619,Kathryne,Miranda,kmirandah6@illinois.edu,Female,157.112.122.209
620,Adrianna,Hallet,ahalleth7@so-net.ne.jp,Non-binary,232.41.38.228
621,Violette,Rein,vreinh8@examiner.com,Female,231.191.151.134
622,Oswald,Kiddie,okiddieh9@imdb.com,Male,88.234.224.57
623,Knox,Southworth,ksouthworthha@github.io,Male,221.62.242.251
624,Jamil,Folonin,jfoloninhb@eepurl.com,Male,102.70.245.116
625,Jaclin,Salamon,jsalamonhc@shutterfly.com,Female,162.71.219.10
626,Chanda,Croker,ccrokerhd@trellian.com,Female,1.81.75.157
627,Ardelis,Ketchaside,aketchasidehe@discovery.com,Female,255.11.75.247
628,Ichabod,Wyrall,iwyrallhf@nyu.edu,Male,20.243.187.114
629,Fielding,McVeigh,fmcveighhg@icio.us,Male,252.220.190.156
630,Helga,Yarr,hyarrhh@flavors.me,Female,156.239.44.5
631,Alyda,McElwee,amcelweehi@yellowbook.com,Female,32.26.189.230
632,Vivia,Bellino,vbellinohj@umich.edu,Female,238.107.248.76
633,Stavro,Donavan,sdonavanhk@wsj.com,Male,174.24.233.179
634,Elwyn,MacTavish,emactavishhl@imageshack.us,Male,248.48.140.226
635,Haskell,Summersby,hsummersbyhm@altervista.org,Male,164.248.232.101
636,Caroljean,Hirschmann,chirschmannhn@sitemeter.com,Female,127.114.71.49
637,Jasun,Mollison,jmollisonho@nationalgeographic.com,Male,185.108.242.223
638,Fabio,Vickress,fvickresshp@census.gov,Male,211.40.243.209
639,Birgitta,De L'Isle,bdelislehq@ihg.com,Female,233.209.119.215
640,Rustie,Kelsell,rkelsellhr@spiegel.de,Male,112.75.147.44
641,Moses,Tapton,mtaptonhs@people.com.cn,Male,160.158.173.37
642,Saxe,Keith,skeithht@shinystat.com,Male,112.68.173.250
643,Gasparo,Ossipenko,gossipenkohu@techcrunch.com,Male,245.100.50.68
644,Marj,Channer,mchannerhv@businesswire.com,Female,101.144.202.73
645,Tamma,Jellard,tjellardhw@hostgator.com,Female,25.128.128.211
646,Monro,Josefson,mjosefsonhx@squarespace.com,Male,193.85.253.17
647,Dniren,Marven,dmarvenhy@php.net,Female,236.191.172.187
648,Wren,Shimmans,wshimmanshz@cnet.com,Female,19.110.87.28
649,Eduard,Oliva,eolivai0@dropbox.com,Male,13.242.235.198
650,Horst,Leith-Harvey,hleithharveyi1@sitemeter.com,Genderqueer,220.7.251.63
651,Allegra,Tiler,atileri2@fema.gov,Female,67.193.58.189
652,Sheilah,Isherwood,sisherwoodi3@t.co,Female,217.229.94.136
653,Lyndell,Kinghorn,lkinghorni4@is.gd,Female,172.43.27.249
654,Wyn,Morat,wmorati5@yellowpages.com,Male,187.255.176.142
655,Ketti,Oxenham,koxenhami6@ted.com,Non-binary,98.230.231.167
656,Sophey,Guidotti,sguidottii7@i2i.jp,Female,118.160.214.198
657,Ashby,Mellmer,amellmeri8@drupal.org,Male,35.94.207.238
658,Darb,Colles,dcollesi9@digg.com,Male,17.137.31.82
659,Derril,Van Leijs,dvanleijsia@moonfruit.com,Male,38.232.92.185
660,Armstrong,Solesbury,asolesburyib@europa.eu,Male,48.23.162.167
661,Gordie,Filyakov,gfilyakovic@ihg.com,Male,185.21.45.30
662,Jude,Cary,jcaryid@twitter.com,Male,45.41.218.157
663,Tiler,McCarlie,tmccarlieie@phoca.cz,Male,200.40.209.110
664,Inger,Peto,ipetoif@liveinternet.ru,Female,17.149.87.172
665,Nana,Courson,ncoursonig@sourceforge.net,Female,47.57.157.69
666,Hurlee,Chazette,hchazetteih@elpais.com,Male,88.212.54.204
667,Jermain,Haquard,jhaquardii@pen.io,Male,234.18.110.207
668,Yuma,Thripp,ythrippij@abc.net.au,Male,111.223.26.16
669,Nola,Goby,ngobyik@youku.com,Female,221.9.103.85
670,Ailey,Littlecote,alittlecoteil@squidoo.com,Female,114.24.35.237
671,Ardisj,Dominiak,adominiakim@newsvine.com,Female,189.154.115.23
672,Brooke,Lockhurst,blockhurstin@constantcontact.com,Male,61.56.164.49
673,Jessie,Cranston,jcranstonio@wired.com,Male,191.233.233.109
674,Wendell,Nolan,wnolanip@blogger.com,Male,213.240.173.14
675,Brion,Cunney,bcunneyiq@theglobeandmail.com,Male,191.202.247.94
676,Philipa,Brearley,pbrearleyir@123-reg.co.uk,Female,85.142.183.194
677,Shoshanna,Oran,soranis@usa.gov,Female,217.161.126.135
678,Bendite,Von Salzberg,bvonsalzbergit@phoca.cz,Female,166.133.210.35
679,Edsel,Surman-Wells,esurmanwellsiu@comcast.net,Agender,188.61.192.109
680,Walton,Arter,warteriv@edublogs.org,Bigender,123.218.145.151
681,Berkeley,Seakes,bseakesiw@ucla.edu,Male,148.72.177.157
682,Evania,McCaffrey,emccaffreyix@ftc.gov,Female,237.68.1.145
683,Ardene,Nassi,anassiiy@photobucket.com,Female,67.132.214.130
684,Cordi,Parslow,cparslowiz@fc2.com,Female,212.115.86.250
685,Pollyanna,Heinsh,pheinshj0@networksolutions.com,Female,187.3.167.218
686,Fanechka,Mumm,fmummj1@hugedomains.com,Female,33.48.49.24
687,Teodor,De Caville,tdecavillej2@bigcartel.com,Male,36.194.137.79
688,Stanislaw,Craghead,scragheadj3@ifeng.com,Male,87.99.92.105
689,Brinn,Tassel,btasselj4@illinois.edu,Female,189.60.192.167
690,Bryana,Shemmin,bshemminj5@ameblo.jp,Female,51.136.223.4
691,Morty,Teacy,mteacyj6@freewebs.com,Male,215.193.19.30
692,Wyndham,Sydney,wsydneyj7@ucoz.com,Male,186.7.171.71
693,Kerry,Hallgath,khallgathj8@ftc.gov,Female,151.44.159.111
694,Joell,Malatalant,jmalatalantj9@soundcloud.com,Female,17.130.189.93
695,Antonina,Glasner,aglasnerja@wikimedia.org,Female,31.103.206.152
696,Nikolaus,Abramcik,nabramcikjb@vistaprint.com,Male,89.72.248.189
697,Rafa,Twigley,rtwigleyjc@last.fm,Female,14.67.79.1
698,Brita,Pachta,bpachtajd@blogs.com,Female,163.206.151.68
699,Melesa,Crowhurst,mcrowhurstje@hc360.com,Female,47.4.122.226
700,Anitra,Day,adayjf@spiegel.de,Female,32.197.235.9
701,Ralina,Elloit,relloitjg@buzzfeed.com,Female,19.226.247.151
702,Alfy,Stredwick,astredwickjh@dyndns.org,Male,65.206.117.122
703,Elvira,MacDearmont,emacdearmontji@about.com,Female,19.162.250.135
704,Alonzo,Pollastro,apollastrojj@jalbum.net,Male,160.47.167.234
705,Ernesto,Mora,emorajk@qq.com,Male,57.144.109.47
706,Carolyne,Yellowlees,cyellowleesjl@eepurl.com,Female,80.203.23.118
707,Humberto,Keling,hkelingjm@berkeley.edu,Male,116.78.179.143
708,Felike,Heape,fheapejn@nydailynews.com,Male,174.44.185.247
709,Margie,Babar,mbabarjo@homestead.com,Female,168.253.171.86
710,Friederike,Colaton,fcolatonjp@latimes.com,Female,110.39.69.50
711,Harmony,Kelbie,hkelbiejq@house.gov,Female,195.83.211.187
712,Cati,Goldup,cgoldupjr@wp.com,Female,20.99.221.147
713,Noak,Nipper,nnipperjs@ifeng.com,Male,171.245.133.166
714,Rosabella,Mateuszczyk,rmateuszczykjt@printfriendly.com,Female,255.178.237.43
715,Veda,Northcliffe,vnorthcliffeju@slate.com,Female,107.252.39.54
716,Tadd,O' Dooley,todooleyjv@usnews.com,Male,176.112.227.139
717,Cyndia,Hayesman,chayesmanjw@tmall.com,Female,95.86.116.38
718,Shepard,Tomet,stometjx@cbc.ca,Male,147.96.22.104
719,Jon,Bortolini,jbortolinijy@umn.edu,Male,71.40.18.32
720,Cindi,Ranscomb,cranscombjz@intel.com,Female,223.245.177.173
721,Giuditta,Dockwray,gdockwrayk0@infoseek.co.jp,Female,11.76.44.122
722,Caryl,Goroni,cgoronik1@is.gd,Male,2.106.85.231
723,Davida,Crayk,dcraykk2@constantcontact.com,Female,214.62.44.130
724,Chad,Rilston,crilstonk3@dell.com,Male,109.19.94.175
725,Laughton,Cobello,lcobellok4@sina.com.cn,Male,29.87.25.218
726,Whit,Eckersley,weckersleyk5@infoseek.co.jp,Male,81.123.219.3
727,Bartlett,Hanalan,bhanalank6@naver.com,Male,129.54.73.248
728,Josey,Estevez,jestevezk7@apple.com,Female,242.5.15.207
729,Kingsly,Matthews,kmatthewsk8@google.it,Male,10.174.123.185
730,Adela,Hardan,ahardank9@shareasale.com,Female,16.26.96.26
731,Nessie,Degoe,ndegoeka@globo.com,Female,167.232.198.116
732,Agneta,Dorsett,adorsettkb@si.edu,Female,67.69.13.193
733,Bordie,Antrim,bantrimkc@wufoo.com,Male,105.43.202.106
734,Tisha,Rizzelli,trizzellikd@nyu.edu,Female,198.237.156.215
735,Dermot,Edmenson,dedmensonke@w3.org,Non-binary,209.175.179.106
736,Elsworth,Bonus,ebonuskf@so-net.ne.jp,Male,4.218.144.221
737,Deny,Geelan,dgeelankg@gnu.org,Female,163.90.196.152
738,Berenice,Jatczak,bjatczakkh@scientificamerican.com,Female,195.87.164.16
739,Caresse,Elrick,celrickki@istockphoto.com,Female,91.185.121.38
740,Valeria,Van Weedenburg,vvanweedenburgkj@archive.org,Female,193.188.114.110
741,Adina,Curwen,acurwenkk@pinterest.com,Genderqueer,112.145.232.222
742,Joyann,Putnam,jputnamkl@gizmodo.com,Female,136.1.192.198
743,Nilson,Fodden,nfoddenkm@foxnews.com,Agender,228.55.162.44
744,Elias,Lapre,elaprekn@icio.us,Male,83.184.178.83
745,Marcille,Knobell,mknobellko@youtu.be,Female,49.108.167.34
746,Tiff,Franchi,tfranchikp@ucoz.com,Female,7.37.34.144
747,Genia,Cookson,gcooksonkq@china.com.cn,Female,72.18.61.235
748,Dee,Castles,dcastleskr@cbsnews.com,Female,177.154.231.114
749,Richard,Burchill,rburchillks@nih.gov,Male,244.38.117.93
750,Nat,Pallis,npalliskt@berkeley.edu,Female,186.102.113.191
751,Meghan,Stranahan,mstranahanku@indiatimes.com,Female,160.197.112.88
752,Cindra,McGillreich,cmcgillreichkv@theguardian.com,Bigender,224.217.253.185
753,Kania,Ouldred,kouldredkw@a8.net,Female,200.101.182.40
754,Bryanty,McLay,bmclaykx@cbc.ca,Male,44.33.150.45
755,Judah,Greschke,jgreschkeky@feedburner.com,Male,6.10.207.217
756,Minetta,Januszewski,mjanuszewskikz@apache.org,Female,232.182.205.7
757,Charlean,Vokes,cvokesl0@opera.com,Female,28.47.180.156
758,Gwenny,Crossfeld,gcrossfeldl1@hostgator.com,Female,147.210.141.200
759,Douglas,Lyne,dlynel2@prweb.com,Male,114.27.253.174
760,Hunter,Greve,hgrevel3@redcross.org,Male,228.135.154.108
761,Benson,Pevie,bpeviel4@bigcartel.com,Male,246.3.158.211
762,Linnell,Hillock,lhillockl5@yahoo.com,Female,166.108.253.169
763,Quent,Duchan,qduchanl6@go.com,Male,254.176.167.98
764,Ellery,Feldmus,efeldmusl7@google.de,Male,36.73.130.54
765,Allie,Meindl,ameindll8@ihg.com,Male,115.202.40.230
766,Duff,Shurmore,dshurmorel9@google.es,Male,45.77.205.79
767,Roman,Scone,rsconela@economist.com,Genderqueer,69.11.147.75
768,Madeleine,Edelman,medelmanlb@prweb.com,Female,116.18.5.206
769,Jolyn,Crellin,jcrellinlc@berkeley.edu,Female,46.196.218.185
770,Trescha,Langtry,tlangtryld@youku.com,Female,235.214.84.230
771,Antons,Fooks,afooksle@rakuten.co.jp,Male,67.94.111.37
772,Hector,Baldrey,hbaldreylf@plala.or.jp,Male,63.180.110.230
773,Matty,Snugg,msnugglg@booking.com,Male,21.141.2.111
774,Dorri,Plumridge,dplumridgelh@washingtonpost.com,Female,90.131.33.51
775,Cristiano,MacNeilage,cmacneilageli@salon.com,Male,223.118.184.205
776,Petey,Palay,ppalaylj@umich.edu,Male,106.205.248.124
777,Jobye,Twidale,jtwidalelk@zdnet.com,Female,72.197.4.91
778,Urbain,Alabaster,ualabasterll@naver.com,Male,229.179.219.239
779,Isabella,Clough,icloughlm@nationalgeographic.com,Female,230.108.184.43
780,Solly,Swatten,sswattenln@people.com.cn,Male,152.28.253.73
781,Tracey,Root,trootlo@delicious.com,Female,107.1.24.123
782,Sherwynd,Medcalf,smedcalflp@tinypic.com,Male,169.117.224.144
783,Shannon,Cattach,scattachlq@nifty.com,Female,151.255.22.60
784,Delaney,Gazey,dgazeylr@domainmarket.com,Male,230.118.74.29
785,Belle,Rodger,brodgerls@statcounter.com,Female,4.94.220.246
786,Shela,Stallebrass,sstallebrasslt@whitehouse.gov,Female,236.45.35.136
787,Dewitt,Persicke,dpersickelu@google.es,Polygender,212.207.247.186
788,Andromache,Allso,aallsolv@gov.uk,Female,193.127.73.157
789,Bobby,Tellenbrook,btellenbrooklw@vkontakte.ru,Genderqueer,93.147.9.178
790,Kay,Matthius,kmatthiuslx@seesaa.net,Female,56.42.84.213
791,Olav,Mattisssen,omattisssenly@blogtalkradio.com,Male,64.90.255.20
792,Jilli,Chace,jchacelz@ucoz.com,Female,139.43.196.229
793,Tedi,Raspin,traspinm0@desdev.cn,Female,237.234.51.41
794,Frants,Aizikov,faizikovm1@wp.com,Male,215.12.68.223
795,Amos,Sivorn,asivornm2@storify.com,Male,166.1.42.211
796,Charlton,Chaikovski,cchaikovskim3@hatena.ne.jp,Male,35.244.4.252
797,Heddi,Pinchin,hpinchinm4@fc2.com,Female,46.94.189.72
798,Nicolea,Reeds,nreedsm5@printfriendly.com,Female,141.220.151.229
799,Winnah,Lord,wlordm6@51.la,Female,138.51.195.33
800,Lamond,Hutcheson,lhutchesonm7@cnet.com,Male,42.212.59.40
801,Gustav,Coggill,gcoggillm8@nydailynews.com,Male,10.3.114.63
802,Elnora,Palluschek,epalluschekm9@imageshack.us,Female,20.11.253.163
803,Cris,Jime,cjimema@lycos.com,Male,24.181.146.232
804,Lacie,Warbys,lwarbysmb@hp.com,Genderfluid,241.137.240.10
805,Garrot,Gwin,ggwinmc@imageshack.us,Genderqueer,222.150.251.235
806,Jourdan,Cripps,jcrippsmd@constantcontact.com,Female,142.159.202.215
807,Ellery,Ferryn,eferrynme@cnn.com,Male,168.194.39.87
808,Pall,Crosskell,pcrosskellmf@clickbank.net,Male,137.187.188.212
809,Taffy,Eliesco,teliescomg@lycos.com,Female,100.224.9.96
810,Gianni,Sommerlin,gsommerlinmh@cornell.edu,Male,140.27.31.158
811,Nevins,Keam,nkeammi@wordpress.org,Male,255.9.2.133
812,Bonni,Montrose,bmontrosemj@psu.edu,Female,53.180.207.29
813,Elbert,Redborn,eredbornmk@amazon.co.jp,Genderfluid,238.107.163.66
814,Guendolen,Filson,gfilsonml@thetimes.co.uk,Female,249.37.236.56
815,Jecho,Pescott,jpescottmm@mapquest.com,Male,176.4.254.30
816,Kingsley,Gard,kgardmn@ted.com,Male,194.220.91.102
817,Fredrika,Message,fmessagemo@china.com.cn,Female,70.148.154.121
818,Nilson,Tight,ntightmp@canalblog.com,Male,217.176.79.115
819,Ann,Abramzon,aabramzonmq@eepurl.com,Bigender,232.97.105.95
820,Raynor,Conachie,rconachiemr@reddit.com,Polygender,254.226.219.50
821,Kissiah,Grigoire,kgrigoirems@goo.gl,Polygender,252.178.92.5
822,Bendicty,Allenby,ballenbymt@java.com,Male,140.111.112.143
823,Caralie,McGeady,cmcgeadymu@rediff.com,Non-binary,126.177.255.140
824,Townsend,Bourges,tbourgesmv@whitehouse.gov,Male,35.93.234.171
825,Thedric,Eves,tevesmw@jiathis.com,Male,32.197.165.151
826,Aloysius,Kaman,akamanmx@harvard.edu,Male,137.113.105.39
827,Berni,Norheny,bnorhenymy@japanpost.jp,Female,206.119.89.58
828,Cammy,Raine,crainemz@pinterest.com,Male,100.56.113.194
829,Welbie,Croix,wcroixn0@cdbaby.com,Male,162.13.165.15
830,Ebba,Siaskowski,esiaskowskin1@ocn.ne.jp,Female,197.27.181.48
831,Sonnie,Hevner,shevnern2@state.tx.us,Male,227.128.102.163
832,Silas,Dobkin,sdobkinn3@eventbrite.com,Male,190.68.228.105
833,Cariotta,Othick,cothickn4@marketwatch.com,Genderfluid,32.137.149.200
834,Isabella,Grinaway,igrinawayn5@sohu.com,Female,33.87.172.46
835,Noellyn,Ladon,nladonn6@senate.gov,Bigender,192.15.140.133
836,Nobie,Jaskowicz,njaskowiczn7@parallels.com,Male,231.242.206.98
837,Damaris,Benger,dbengern8@unicef.org,Female,163.118.118.70
838,Ezekiel,Belfitt,ebelfittn9@irs.gov,Male,58.115.205.15
839,Lizette,Huby,lhubyna@ehow.com,Female,20.183.114.89
840,Corabel,Quincey,cquinceynb@networksolutions.com,Female,221.234.243.22
841,Stephenie,Janota,sjanotanc@ezinearticles.com,Female,178.61.124.157
842,Beauregard,Espy,bespynd@scientificamerican.com,Male,86.243.52.179
843,Truman,Gooda,tgoodane@scribd.com,Male,144.251.251.191
844,Napoleon,Waggatt,nwaggattnf@usnews.com,Genderqueer,120.146.14.111
845,Benjie,Realy,brealyng@alexa.com,Male,31.14.215.225
846,Emanuele,Fitzhenry,efitzhenrynh@dedecms.com,Male,30.212.244.19
847,Wilt,Mulbry,wmulbryni@huffingtonpost.com,Male,21.236.107.228
848,Benedicta,Tellenbrok,btellenbroknj@arstechnica.com,Female,47.177.132.184
849,Micheline,Abden,mabdennk@amazon.co.jp,Female,184.25.14.21
850,Harley,Bartolomivis,hbartolomivisnl@dailymotion.com,Polygender,45.190.164.210
851,Wadsworth,Hillen,whillennm@wsj.com,Male,243.73.238.185
852,Jody,Heymes,jheymesnn@github.io,Male,137.130.106.210
853,Brandtr,Rubinfajn,brubinfajnno@toplist.cz,Male,118.180.209.161
854,Benjamin,Marlor,bmarlornp@yolasite.com,Male,199.250.218.253
855,Latrena,Kealey,lkealeynq@free.fr,Female,74.130.235.22
856,Darill,Waulker,dwaulkernr@edublogs.org,Male,66.229.12.209
857,Cyb,Gritland,cgritlandns@telegraph.co.uk,Female,75.128.86.8
858,Vladimir,Hagerty,vhagertynt@nytimes.com,Male,177.100.147.99
859,Elbert,Bemwell,ebemwellnu@yellowbook.com,Male,75.234.11.66
860,Patty,MacTavish,pmactavishnv@odnoklassniki.ru,Male,248.16.88.202
861,Taryn,Hartell,thartellnw@github.io,Female,76.52.55.37
862,Brennen,Marshal,bmarshalnx@tiny.cc,Male,122.4.125.29
863,Skipton,Chisnall,schisnallny@ted.com,Male,176.75.227.212
864,Gale,Longo,glongonz@unc.edu,Non-binary,141.94.185.129
865,Hestia,Drinkhall,hdrinkhallo0@unc.edu,Female,240.10.146.91
866,Sherline,Walworth,swalwortho1@istockphoto.com,Female,173.30.117.226
867,Nonie,Stainsby,nstainsbyo2@cdc.gov,Female,26.52.192.189
868,Dannie,Bailie,dbailieo3@issuu.com,Female,161.165.23.44
869,Link,Wilks,lwilkso4@newsvine.com,Male,190.211.157.163
870,Edgard,Cathersides,ecathersideso5@pagesperso-orange.fr,Male,10.126.204.54
871,Angelica,Ruffles,aruffleso6@php.net,Female,71.164.29.185
872,Maurine,Pigeon,mpigeono7@privacy.gov.au,Female,209.144.28.51
873,Sapphire,Blanch,sblancho8@npr.org,Female,34.66.63.166
874,Jaquelyn,Graben,jgrabeno9@weather.com,Female,214.66.27.207
875,Julio,Caro,jcarooa@yahoo.co.jp,Male,87.179.238.149
876,Marijo,Luty,mlutyob@vinaora.com,Female,169.154.2.208
877,Rozanne,Romand,rromandoc@amazon.de,Female,37.147.0.48
878,Teri,Brettell,tbrettellod@home.pl,Female,215.44.135.244
879,Cordey,Jacmar,cjacmaroe@paginegialle.it,Female,186.121.93.232
880,Maryanna,Rosenbush,mrosenbushof@artisteer.com,Female,42.102.175.181
881,Whittaker,Botly,wbotlyog@elegantthemes.com,Male,187.210.46.199
882,Bartel,Brazer,bbrazeroh@japanpost.jp,Male,236.9.122.253
883,Leslie,Le feuvre,llefeuvreoi@fotki.com,Female,255.177.255.203
884,Clem,Sapena,csapenaoj@drupal.org,Female,69.39.157.221
885,Stu,Shelford,sshelfordok@csmonitor.com,Male,108.181.183.50
886,Archie,Mynett,amynettol@chron.com,Male,245.45.60.164
887,Caroljean,Lacase,clacaseom@elegantthemes.com,Polygender,232.14.120.203
888,William,Meriton,wmeritonon@wufoo.com,Male,23.2.217.113
889,Paxon,Ilyunin,pilyuninoo@sourceforge.net,Male,187.16.16.136
890,Timotheus,Kitchenham,tkitchenhamop@mashable.com,Non-binary,41.10.50.27
891,Mary,Crosoer,mcrosoeroq@time.com,Female,56.205.111.121
892,Samantha,Ducket,sducketor@clickbank.net,Female,212.83.24.184
893,Enrichetta,Couling,ecoulingos@cpanel.net,Female,95.158.197.188
894,Wallis,Tenaunt,wtenauntot@typepad.com,Male,138.143.240.35
895,Bart,Renton,brentonou@cbsnews.com,Male,19.18.136.27
896,Mason,Caudell,mcaudellov@upenn.edu,Male,12.13.81.175
897,Kermy,Schuster,kschusterow@edublogs.org,Male,87.9.142.169
898,Mackenzie,Pelchat,mpelchatox@reuters.com,Male,23.55.207.8
899,Austin,Percifer,aperciferoy@fc2.com,Male,117.36.209.166
900,Verne,Udey,vudeyoz@webnode.com,Male,92.78.158.46
901,Hermie,Layborn,hlaybornp0@sciencedirect.com,Male,132.108.250.242
902,Sascha,Olwen,solwenp1@dailymotion.com,Agender,16.205.136.221
903,Grayce,Dur,gdurp2@php.net,Genderfluid,212.125.94.172
904,Dagmar,Stansby,dstansbyp3@sphinn.com,Female,19.183.74.0
905,Skelly,Tour,stourp4@about.com,Male,101.25.71.91
906,Nelli,Josefsson,njosefssonp5@netscape.com,Female,81.23.252.241
907,Anatole,Abramowitch,aabramowitchp6@reference.com,Male,124.4.121.35
908,Olympie,Coxhead,ocoxheadp7@sciencedaily.com,Female,120.17.83.54
909,Avivah,Meikle,ameiklep8@macromedia.com,Female,2.176.238.130
910,Zelda,Saby,zsabyp9@techcrunch.com,Female,234.4.163.170
911,Finlay,Armytage,farmytagepa@jiathis.com,Male,191.223.118.105
912,Clarabelle,Brim,cbrimpb@hatena.ne.jp,Female,224.126.234.63
913,Raimundo,Cowland,rcowlandpc@google.com.hk,Male,192.195.35.234
914,Zabrina,Tocqueville,ztocquevillepd@meetup.com,Female,116.161.201.92
915,Wren,Darcey,wdarceype@bloomberg.com,Female,60.144.4.143
916,Ginni,Dufaire,gdufairepf@free.fr,Female,137.32.99.47
917,Wilton,Dalman,wdalmanpg@baidu.com,Male,185.133.25.144
918,Bernita,Mouth,bmouthph@yellowpages.com,Female,148.229.213.100
919,Marne,Bourgeois,mbourgeoispi@guardian.co.uk,Female,92.0.80.159
920,Leroy,Le Barr,llebarrpj@eepurl.com,Male,223.41.168.14
921,Netty,Gitsham,ngitshampk@dailymail.co.uk,Female,125.86.218.48
922,Sephira,Oakeby,soakebypl@yahoo.co.jp,Female,186.16.183.75
923,Martie,Stowell,mstowellpm@yellowbook.com,Male,223.252.11.160
924,Aurea,Snary,asnarypn@dailymail.co.uk,Female,66.116.31.26
925,Cliff,Costerd,ccosterdpo@huffingtonpost.com,Male,30.6.41.56
926,Eirena,Bondley,ebondleypp@wp.com,Female,150.117.225.152
927,Delano,De la Harpe,ddelaharpepq@pen.io,Male,190.71.207.48
928,Audrey,Challen,achallenpr@apple.com,Female,111.134.88.199
929,Jameson,Brandassi,jbrandassips@wix.com,Male,73.184.83.180
930,Valentina,Vakhrushin,vvakhrushinpt@yandex.ru,Female,104.33.4.107
931,Pru,Bruckenthal,pbruckenthalpu@sourceforge.net,Genderfluid,108.77.8.187
932,Archaimbaud,Fontin,afontinpv@berkeley.edu,Male,165.61.19.114
933,Erinna,Viles,evilespw@sitemeter.com,Female,161.66.152.149
934,Baryram,Bellworthy,bbellworthypx@google.com,Male,204.154.181.164
935,Nevins,McPartlin,nmcpartlinpy@mit.edu,Male,150.16.43.124
936,Nicolais,Segges,nseggespz@psu.edu,Male,201.202.102.28
937,Fawn,Atchly,fatchlyq0@japanpost.jp,Female,100.145.133.208
938,Brok,Novis,bnovisq1@woothemes.com,Male,115.86.16.23
939,Bink,Tackett,btackettq2@g.co,Genderqueer,212.127.161.164
940,Francisco,Gilmour,fgilmourq3@hugedomains.com,Male,85.87.210.63
941,Sean,Smoote,ssmooteq4@amazonaws.com,Male,43.84.134.142
942,Fairlie,Kunz,fkunzq5@comcast.net,Male,154.208.250.240
943,Jacky,Jansens,jjansensq6@mapy.cz,Male,8.45.169.162
944,Alick,Kevis,akevisq7@amazon.com,Agender,194.247.167.194
945,Mellie,Chin,mchinq8@webs.com,Female,25.223.203.55
946,Courtney,Cordelette,ccordeletteq9@addtoany.com,Female,76.26.201.15
947,Josephina,Massard,jmassardqa@drupal.org,Female,248.236.232.46
948,Dudley,MacGraith,dmacgraithqb@wordpress.org,Male,10.114.151.213
949,Amby,O'Henecan,aohenecanqc@ning.com,Genderqueer,118.44.209.23
950,Thaddeus,Folger,tfolgerqd@samsung.com,Male,149.90.178.118
951,Ali,McLorinan,amclorinanqe@facebook.com,Female,117.130.75.19
952,Ludwig,Blankau,lblankauqf@clickbank.net,Polygender,246.69.70.123
953,Monica,Duding,mdudingqg@com.com,Female,249.16.28.14
954,Laural,Castro,lcastroqh@zdnet.com,Female,187.202.216.149
955,Kenon,Allen,kallenqi@nih.gov,Male,73.180.0.192
956,Inger,Bogue,ibogueqj@pbs.org,Male,129.213.118.250
957,Quint,Charnock,qcharnockqk@adobe.com,Male,168.98.177.33
958,Mervin,Dormer,mdormerql@ebay.com,Male,207.128.53.234
959,Robena,Hindes,rhindesqm@nature.com,Female,14.129.68.216
960,Alison,Benck,abenckqn@thetimes.co.uk,Female,222.50.242.235
961,Chantalle,Bradane,cbradaneqo@about.com,Female,101.223.254.85
962,Winne,Pulford,wpulfordqp@npr.org,Female,138.131.28.174
963,Caleb,Lightbown,clightbownqq@github.com,Male,224.160.165.13
964,Chaim,Toyer,ctoyerqr@oaic.gov.au,Male,159.197.149.177
965,Arney,Boddam,aboddamqs@newyorker.com,Male,244.42.122.121
966,Danila,Hurburt,dhurburtqt@newyorker.com,Female,44.43.130.47
967,Tammy,Battyll,tbattyllqu@forbes.com,Male,244.93.194.45
968,Kareem,Rigard,krigardqv@yale.edu,Male,120.207.90.219
969,Merl,Schulke,mschulkeqw@google.com.br,Female,235.17.31.63
970,Valencia,Blackleech,vblackleechqx@chicagotribune.com,Female,200.73.145.61
971,Cinda,Izzatt,cizzattqy@mac.com,Agender,17.202.8.192
972,Cecil,Stockwell,cstockwellqz@wunderground.com,Male,190.200.109.210
973,Celina,McCurtain,cmccurtainr0@cornell.edu,Female,115.58.240.151
974,Ive,Marling,imarlingr1@123-reg.co.uk,Male,78.168.246.48
975,Roby,Cowope,rcowoper2@com.com,Female,192.176.195.20
976,Kimmi,Stichel,kstichelr3@cbslocal.com,Female,98.220.179.149
977,Melinda,Callear,mcallearr4@creativecommons.org,Female,130.56.95.23
978,Dimitry,Rappaport,drappaportr5@homestead.com,Male,130.29.92.53
979,Reade,Routley,rroutleyr6@posterous.com,Male,104.86.84.192
980,Judas,Vanstone,jvanstoner7@g.co,Male,40.116.158.180
981,Kimberley,Idenden,kidendenr8@51.la,Female,3.51.255.176
982,Allistir,Danes,adanesr9@hao123.com,Male,208.125.154.32
983,Millisent,Cranfield,mcranfieldra@google.com,Female,180.124.206.25
984,Olive,Reihm,oreihmrb@mozilla.com,Female,196.204.23.215
985,Lemuel,Ronci,lroncirc@mlb.com,Male,0.54.226.143
986,Jermaine,Colbrun,jcolbrunrd@upenn.edu,Male,230.227.237.122
987,Esme,Winters,ewintersre@example.com,Genderfluid,176.171.11.148
988,Derk,Crandon,dcrandonrf@stanford.edu,Male,220.194.28.108
989,Pyotr,Alastair,palastairrg@bloglines.com,Male,78.80.17.210
990,Mischa,Malkie,mmalkierh@odnoklassniki.ru,Male,49.202.242.141
991,Merridie,Garatty,mgarattyri@csmonitor.com,Female,95.255.207.160
992,Faustine,Freeborne,ffreebornerj@fastcompany.com,Female,230.172.35.190
993,Abraham,Baxendale,abaxendalerk@i2i.jp,Male,186.183.117.85
994,Corinna,Spier,cspierrl@domainmarket.com,Female,182.32.18.131
995,Umberto,Causon,ucausonrm@friendfeed.com,Male,210.173.113.19
996,Giorgi,Koles,gkolesrn@ebay.com,Male,76.8.67.222
997,Christabel,Luckett,cluckettro@a8.net,Female,216.169.230.142
998,Lexine,MacMenamy,lmacmenamyrp@example.com,Female,188.210.11.85
999,Gaile,Keeling,gkeelingrq@oakley.com,Male,133.91.72.153
1000,Kacey,Hamsher,khamsherrr@ocn.ne.jp,Genderqueer,69.123.79.222
